Node,PktsSent,PktsRecv,BytesSent,BytesRecv,AvgDelay_s,Crypto_ms,InitE_J,FinalE_J
9,4,2,356,320,0.000000,0.783000,0.000000,0.000000
8,0,0,0,0,0.000000,0.000000,0.000000,0.000000
7,0,0,0,0,0.000000,0.000000,0.000000,0.000000
6,0,0,0,0,0.000000,0.000000,0.000000,0.000000
5,0,0,0,0,0.000000,0.000000,0.000000,0.000000
4,0,0,0,0,0.000000,0.000000,0.000000,0.000000
3,0,0,0,0,0.000000,0.000000,0.000000,0.000000
2,0,0,0,0,0.000000,0.000000,0.000000,0.000000
1,1,22,160,1249,0.000460,0.444000,0.000000,0.000000
0,21,2,1231,178,0.000000,0.512000,0.000000,0.000000
ALL,26,26,1747,1747,0.000389,1.739000,0.000000,0.000000
